Name,Trial #,Gray Level (0-255),Reaction (ms)
Josh 1,1,128,426
Josh 1,2,96,256
Josh 1,3,64,298
Josh 1,4,160,341
Josh 1,5,64,346
Josh 1,6,224,290
Josh 1,7,96,426
Josh 1,8,32,329
Josh 1,9,64,362
Josh 1,10,32,379
Josh 1,11,255,294
Josh 1,12,128,264
Josh 1,13,128,488
Josh 1,14,128,313
Josh 1,15,224,273
Josh 1,16,224,401
Josh 1,17,96,398
Josh 1,18,160,278
Josh 1,19,64,639
Josh 1,20,32,357
Josh 1,21,160,342
Josh 1,22,255,352
Josh 1,23,224,387
Josh 1,24,96,395
Josh 1,25,128,221
Josh 1,26,192,375
Josh 1,27,32,538
Josh 1,28,192,317
Josh 1,29,224,330
Josh 1,30,32,378
Josh 1,31,192,296
Josh 1,32,64,339
Josh 1,33,192,266
Josh 1,34,160,299
Josh 1,35,96,463
Josh 1,36,255,307
Josh 1,37,255,288
Josh 1,38,160,297
Josh 1,39,192,265
Josh 1,40,255,315
Josh 2,1,64,295
Josh 2,2,128,283
Josh 2,3,224,616
Josh 2,4,96,377
Josh 2,5,255,405
Josh 2,6,160,565
Josh 2,7,160,291
Josh 2,8,255,274
Josh 2,9,64,292
Josh 2,10,160,265
Josh 2,11,32,325
Josh 2,12,96,245
Josh 2,13,160,233
Josh 2,14,128,316
Josh 2,15,224,261
Josh 2,16,192,368
Josh 2,17,160,237
Josh 2,18,224,239
Josh 2,19,32,385
Josh 2,20,255,213
Josh 2,21,96,272
Josh 2,22,192,337
Josh 2,23,32,398
Josh 2,24,64,476
Josh 2,25,96,275
Josh 2,26,192,249
Josh 2,27,96,363
Josh 2,28,128,363
Josh 2,29,128,254
Josh 2,30,224,257
Josh 2,31,32,289
Josh 2,32,255,303
Josh 2,33,224,251
Josh 2,34,255,278
Josh 2,35,192,291
Josh 2,36,128,238
Josh 2,37,192,360
Josh 2,38,64,398
Josh 2,39,32,588
Josh 2,40,64,329
Josh 3,1,224,265
Josh 3,2,160,254
Josh 3,3,160,256
Josh 3,4,64,277
Josh 3,5,128,285
Josh 3,6,192,378
Josh 3,7,96,266
Josh 3,8,96,252
Josh 3,9,64,241
Josh 3,10,224,273
Josh 3,11,160,261
Josh 3,12,224,240
Josh 3,13,64,431
Josh 3,14,192,254
Josh 3,15,160,317
Josh 3,16,128,309
Josh 3,17,255,434
Josh 3,18,128,277
Josh 3,19,255,271
Josh 3,20,192,262
Josh 3,21,192,239
Josh 3,22,192,230
Josh 3,23,255,297
Josh 3,24,32,324
Josh 3,25,224,300
Josh 3,26,32,370
Josh 3,27,32,292
Josh 3,28,128,337
Josh 3,29,64,247
Josh 3,30,96,274
Josh 3,31,224,261
Josh 3,32,160,317
Josh 3,33,96,244
Josh 3,34,255,261
Josh 3,35,96,281
Josh 3,36,64,350
Josh 3,37,128,274
Josh 3,38,32,331
Josh 3,39,255,259
Josh 3,40,32,394
Josh 4,1,32,225
Josh 4,2,96,208
Josh 4,3,255,231
Josh 4,4,32,362
Josh 4,5,160,191
Josh 4,6,64,213
Josh 4,7,255,237
Josh 4,8,128,252
Josh 4,9,224,208
Josh 4,10,96,219
Josh 4,11,224,214
Josh 4,12,64,241
Josh 4,13,64,202
Josh 4,14,32,302
Josh 4,15,32,252
Josh 4,16,160,210
Josh 4,17,192,226
Josh 4,18,128,252
Josh 4,19,192,206
Josh 4,20,255,227
Josh 4,21,160,211
Josh 4,22,64,267
Josh 4,23,192,218
Josh 4,24,64,212
Josh 4,25,224,216
Josh 4,26,128,204
Josh 4,27,128,236
Josh 4,28,192,193
Josh 4,29,255,250
Josh 4,30,96,270
Josh 4,31,96,239
Josh 4,32,128,240
Josh 4,33,160,232
Josh 4,34,224,236
Josh 4,35,255,217
Josh 4,36,224,200
Josh 4,37,32,224
Josh 4,38,160,239
Josh 4,39,96,217
Josh 4,40,192,202
Josh 5,1,224,319
Josh 5,2,96,257
Josh 5,3,64,255
Josh 5,4,255,241
Josh 5,5,160,251
Josh 5,6,192,251
Josh 5,7,160,253
Josh 5,8,32,257
Josh 5,9,128,277
Josh 5,10,96,389
Josh 5,11,64,259
Josh 5,12,160,260
Josh 5,13,192,248
Josh 5,14,255,483
Josh 5,15,96,295
Josh 5,16,192,248
Josh 5,17,255,262
Josh 5,18,192,367
Josh 5,19,128,273
Josh 5,20,32,301
Josh 5,21,32,284
Josh 5,22,128,265
Josh 5,23,64,243
Josh 5,24,32,283
Josh 5,25,64,350
Josh 5,26,224,257
Josh 5,27,128,238
Josh 5,28,128,352
Josh 5,29,64,249
Josh 5,30,192,250
Josh 5,31,32,367
Josh 5,32,255,267
Josh 5,33,224,265
Josh 5,34,224,251
Josh 5,35,96,244
Josh 5,36,160,243
Josh 5,37,224,308
Josh 5,38,160,364
Josh 5,39,255,250
Josh 5,40,96,233
Josh 6,1,64,329
Josh 6,2,224,310
Josh 6,3,224,326
Josh 6,4,224,315
Josh 6,5,192,285
Josh 6,6,96,390
Josh 6,7,96,298
Josh 6,8,32,307
Josh 6,9,192,304
Josh 6,10,160,333
Josh 6,11,64,344
Josh 6,12,96,293
Josh 6,13,160,304
Josh 6,14,255,349
Josh 6,15,255,295
Josh 6,16,32,485
Josh 6,17,224,300
Josh 6,18,160,501
Josh 6,19,32,470
Josh 6,20,128,592
Josh 6,21,32,427
Josh 6,22,128,541
Josh 6,23,96,372
Josh 6,24,192,583
Josh 6,25,255,608
Josh 6,26,64,807
Josh 6,27,96,343
Josh 6,28,160,843
Josh 6,29,192,328
Josh 6,30,64,381
Josh 6,31,128,513
Josh 6,32,255,348
Josh 6,33,192,320
Josh 6,34,128,410
Josh 6,35,224,280
Josh 6,36,160,367
Josh 6,37,128,365
Josh 6,38,64,348
Josh 6,39,32,384
Josh 6,40,255,423
Josh 7,1,192,261
Josh 7,2,128,229
Josh 7,3,64,266
Josh 7,4,255,224
Josh 7,5,192,217
Josh 7,6,64,236
Josh 7,7,32,449
Josh 7,8,64,218
Josh 7,9,160,426
Josh 7,10,96,210
Josh 7,11,128,220
Josh 7,12,224,245
Josh 7,13,96,246
Josh 7,14,160,237
Josh 7,15,128,279
Josh 7,16,224,243
Josh 7,17,96,245
Josh 7,18,32,220
Josh 7,19,128,284
Josh 7,20,160,262
Josh 7,21,160,212
Josh 7,22,224,308
Josh 7,23,32,285
Josh 7,24,32,291
Josh 7,25,192,226
Josh 7,26,224,286
Josh 7,27,128,217
Josh 7,28,32,229
Josh 7,29,255,273
Josh 7,30,192,235
Josh 7,31,224,229
Josh 7,32,255,365
Josh 7,33,96,253
Josh 7,34,96,237
Josh 7,35,64,214
Josh 7,36,255,213
Josh 7,37,255,239
Josh 7,38,64,197
Josh 7,39,192,220
Josh 7,40,160,176
Nathan 1,1,255,359
Nathan 1,2,32,433
Nathan 1,3,255,357
Nathan 1,4,128,635
Nathan 1,5,32,292
Nathan 1,6,32,506
Nathan 1,7,224,888
Nathan 1,8,192,245
Nathan 1,9,192,458
Nathan 1,10,224,474
Nathan 1,11,160,288
Nathan 1,12,224,824
Nathan 1,13,160,397
Nathan 1,14,32,434
Nathan 1,15,255,375
Nathan 1,16,255,439
Nathan 1,17,64,433
Nathan 1,18,128,183
Nathan 1,19,255,455
Nathan 1,20,128,625
Nathan 1,21,64,495
Nathan 1,22,64,598
Nathan 1,23,192,474
Nathan 1,24,96,375
Nathan 1,25,64,529
Nathan 1,26,96,535
Nathan 1,27,64,363
Nathan 1,28,96,266
Nathan 1,29,160,496
Nathan 1,30,224,500
Nathan 1,31,192,337
Nathan 1,32,128,516
Nathan 1,33,192,618
Nathan 1,34,160,743
Nathan 1,35,224,343
Nathan 1,36,96,468
Nathan 1,37,96,547
Nathan 1,38,128,559
Nathan 1,39,160,375
Nathan 1,40,32,457
Nathan 2,1,160,531
Nathan 2,2,160,783
Nathan 2,3,224,603
Nathan 2,4,192,279
Nathan 2,5,64,350
Nathan 2,6,96,322
Nathan 2,7,224,541
Nathan 2,8,192,675
Nathan 2,9,224,715
Nathan 2,10,192,671
Nathan 2,11,32,576
Nathan 2,12,255,480
Nathan 2,13,255,450
Nathan 2,14,32,324
Nathan 2,15,96,227
Nathan 2,16,96,447
Nathan 2,17,192,284
Nathan 2,18,64,820
Nathan 2,19,192,478
Nathan 2,20,224,402
Nathan 2,21,160,418
Nathan 2,22,255,564
Nathan 2,23,224,197
Nathan 2,24,255,652
Nathan 2,25,128,271
Nathan 2,26,32,575
Nathan 2,27,32,563
Nathan 2,28,160,321
Nathan 2,29,64,758
Nathan 2,30,64,537
Nathan 2,31,128,945
Nathan 2,32,128,339
Nathan 2,33,96,468
Nathan 2,34,128,544
Nathan 2,35,96,507
Nathan 2,36,32,292
Nathan 2,37,64,693
Nathan 2,38,160,578
Nathan 2,39,255,168
Nathan 2,40,128,282
Nathan 3,1,255,428
Nathan 3,2,160,619
Nathan 3,3,160,768
Nathan 3,4,224,393
Nathan 3,5,64,434
Nathan 3,6,128,619
Nathan 3,7,96,597
Nathan 3,8,255,549
Nathan 3,9,32,294
Nathan 3,10,96,501
Nathan 3,11,192,377
Nathan 3,12,64,411
Nathan 3,13,192,472
Nathan 3,14,192,440
Nathan 3,15,64,547
Nathan 3,16,96,431
Nathan 3,17,224,539
Nathan 3,18,32,414
Nathan 3,19,160,508
Nathan 3,20,255,381
Nathan 3,21,128,335
Nathan 3,22,160,631
Nathan 3,23,255,486
Nathan 3,24,224,468
Nathan 3,25,224,496
Nathan 3,26,128,446
Nathan 3,27,192,447
Nathan 3,28,128,345
Nathan 3,29,192,591
Nathan 3,30,224,356
Nathan 3,31,64,345
Nathan 3,32,32,475
Nathan 3,33,128,390
Nathan 3,34,32,963
Nathan 3,35,64,746
Nathan 3,36,96,373
Nathan 3,37,32,545
Nathan 3,38,255,412
Nathan 3,39,160,296
Nathan 3,40,96,406
Nathan 4,1,128,305
Nathan 4,2,224,301
Nathan 4,3,96,360
Nathan 4,4,255,280
Nathan 4,5,224,264
Nathan 4,6,64,316
Nathan 4,7,192,336
Nathan 4,8,96,355
Nathan 4,9,64,320
Nathan 4,10,224,244
Nathan 4,11,160,311
Nathan 4,12,192,315
Nathan 4,13,255,641
Nathan 4,14,32,497
Nathan 4,15,64,290
Nathan 4,16,192,320
Nathan 4,17,128,251
Nathan 4,18,160,387
Nathan 4,19,96,280
Nathan 4,20,192,274
Nathan 4,21,64,261
Nathan 4,22,64,289
Nathan 4,23,224,718
Nathan 4,24,96,298
Nathan 4,25,128,311
Nathan 4,26,255,284
Nathan 4,27,32,295
Nathan 4,28,32,327
Nathan 4,29,255,255
Nathan 4,30,224,279
Nathan 4,31,96,287
Nathan 4,32,128,272
Nathan 4,33,32,332
Nathan 4,34,160,285
Nathan 4,35,160,280
Nathan 4,36,128,290
Nathan 4,37,192,314
Nathan 4,38,32,334
Nathan 4,39,255,337
Nathan 4,40,160,294
Nathan 5,1,128,306
Nathan 5,2,255,310
Nathan 5,3,192,327
Nathan 5,4,32,477
Nathan 5,5,96,403
Nathan 5,6,160,312
Nathan 5,7,32,387
Nathan 5,8,96,349
Nathan 5,9,192,293
Nathan 5,10,255,327
Nathan 5,11,96,334
Nathan 5,12,32,455
Nathan 5,13,224,322
Nathan 5,14,224,396
Nathan 5,15,160,345
Nathan 5,16,32,414
Nathan 5,17,64,370
Nathan 5,18,224,362
Nathan 5,19,192,393
Nathan 5,20,32,434
Nathan 5,21,255,313
Nathan 5,22,160,300
Nathan 5,23,128,335
Nathan 5,24,224,299
Nathan 5,25,255,269
Nathan 5,26,224,360
Nathan 5,27,192,318
Nathan 5,28,128,381
Nathan 5,29,64,369
Nathan 5,30,64,331
Nathan 5,31,160,350
Nathan 5,32,192,393
Nathan 5,33,96,432
Nathan 5,34,128,367
Nathan 5,35,160,344
Nathan 5,36,255,346
Nathan 5,37,64,78
Nathan 5,38,96,321
Nathan 5,39,128,331
Nathan 5,40,64,296
Nathan 6,1,64,261
Nathan 6,2,64,240
Nathan 6,3,255,214
Nathan 6,4,224,235
Nathan 6,5,224,224
Nathan 6,6,128,260
Nathan 6,7,128,251
Nathan 6,8,255,209
Nathan 6,9,32,268
Nathan 6,10,160,244
Nathan 6,11,224,237
Nathan 6,12,32,253
Nathan 6,13,255,226
Nathan 6,14,64,238
Nathan 6,15,96,265
Nathan 6,16,192,248
Nathan 6,17,192,227
Nathan 6,18,32,228
Nathan 6,19,192,250
Nathan 6,20,224,417
Nathan 6,21,96,227
Nathan 6,22,96,241
Nathan 6,23,160,246
Nathan 6,24,160,246
Nathan 6,25,224,243
Nathan 6,26,160,221
Nathan 6,27,128,226
Nathan 6,28,192,225
Nathan 6,29,64,264
Nathan 6,30,32,259
Nathan 6,31,96,275
Nathan 6,32,64,230
Nathan 6,33,96,239
Nathan 6,34,32,277
Nathan 6,35,255,243
Nathan 6,36,128,237
Nathan 6,37,128,238
Nathan 6,38,160,251
Nathan 6,39,192,301
Nathan 6,40,255,313
Nathan 7,1,192,342
Nathan 7,2,160,285
Nathan 7,3,32,316
Nathan 7,4,255,282
Nathan 7,5,128,364
Nathan 7,6,255,296
Nathan 7,7,160,321
Nathan 7,8,64,383
Nathan 7,9,64,700
Nathan 7,10,128,496
Nathan 7,11,32,379
Nathan 7,12,192,337
Nathan 7,13,192,332
Nathan 7,14,96,262
Nathan 7,15,64,271
Nathan 7,16,96,361
Nathan 7,17,160,293
Nathan 7,18,224,430
Nathan 7,19,255,283
Nathan 7,20,128,285
Nathan 7,21,32,263
Nathan 7,22,224,320
Nathan 7,23,64,258
Nathan 7,24,96,332
Nathan 7,25,96,281
Nathan 7,26,32,329
Nathan 7,27,192,296
Nathan 7,28,160,278
Nathan 7,29,128,315
Nathan 7,30,224,330
Nathan 7,31,32,286
Nathan 7,32,64,356
Nathan 7,33,160,285
Nathan 7,34,224,303
Nathan 7,35,255,268
Nathan 7,36,128,301
Nathan 7,37,255,471
Nathan 7,38,192,370
Nathan 7,39,224,316
Nathan 7,40,96,273
Tejas 1,1,255,398
Tejas 1,2,255,270
Tejas 1,3,160,296
Tejas 1,4,224,255
Tejas 1,5,96,280
Tejas 1,6,64,321
Tejas 1,7,64,284
Tejas 1,8,160,361
Tejas 1,9,192,284
Tejas 1,10,160,238
Tejas 1,11,224,276
Tejas 1,12,64,377
Tejas 1,13,32,235
Tejas 1,14,224,308
Tejas 1,15,96,248
Tejas 1,16,128,336
Tejas 1,17,192,338
Tejas 1,18,160,276
Tejas 1,19,255,247
Tejas 1,20,32,428
Tejas 1,21,128,288
Tejas 1,22,32,284
Tejas 1,23,96,312
Tejas 1,24,192,277
Tejas 1,25,128,392
Tejas 1,26,255,277
Tejas 1,27,255,311
Tejas 1,28,32,323
Tejas 1,29,64,287
Tejas 1,30,224,284
Tejas 1,31,160,273
Tejas 1,32,128,294
Tejas 1,33,192,309
Tejas 1,34,128,312
Tejas 1,35,32,294
Tejas 1,36,224,299
Tejas 1,37,64,346
Tejas 1,38,192,254
Tejas 1,39,96,291
Tejas 1,40,96,284
Tejas 2,1,160,473
Tejas 2,2,192,271
Tejas 2,3,32,291
Tejas 2,4,32,278
Tejas 2,5,96,285
Tejas 2,6,128,287
Tejas 2,7,255,251
Tejas 2,8,128,357
Tejas 2,9,160,392
Tejas 2,10,192,510
Tejas 2,11,64,360
Tejas 2,12,224,299
Tejas 2,13,64,305
Tejas 2,14,32,370
Tejas 2,15,128,293
Tejas 2,16,96,552
Tejas 2,17,192,301
Tejas 2,18,255,289
Tejas 2,19,128,372
Tejas 2,20,255,274
Tejas 2,21,160,347
Tejas 2,22,96,465
Tejas 2,23,32,331
Tejas 2,24,160,379
Tejas 2,25,224,394
Tejas 2,26,32,432
Tejas 2,27,255,258
Tejas 2,28,128,263
Tejas 2,29,64,377
Tejas 2,30,160,270
Tejas 2,31,192,269
Tejas 2,32,224,377
Tejas 2,33,96,326
Tejas 2,34,224,304
Tejas 2,35,64,739
Tejas 2,36,96,307
Tejas 2,37,64,289
Tejas 2,38,224,291
Tejas 2,39,255,265
Tejas 2,40,192,298
Tejas 3,1,32,412
Tejas 3,2,192,311
Tejas 3,3,192,342
Tejas 3,4,160,317
Tejas 3,5,192,398
Tejas 3,6,160,275
Tejas 3,7,96,280
Tejas 3,8,255,292
Tejas 3,9,128,295
Tejas 3,10,96,413
Tejas 3,11,96,282
Tejas 3,12,64,254
Tejas 3,13,192,310
Tejas 3,14,64,261
Tejas 3,15,128,349
Tejas 3,16,255,269
Tejas 3,17,255,259
Tejas 3,18,64,265
Tejas 3,19,224,297
Tejas 3,20,128,283
Tejas 3,21,255,305
Tejas 3,22,32,347
Tejas 3,23,224,277
Tejas 3,24,64,332
Tejas 3,25,160,292
Tejas 3,26,128,311
Tejas 3,27,255,289
Tejas 3,28,32,367
Tejas 3,29,32,301
Tejas 3,30,96,293
Tejas 3,31,160,254
Tejas 3,32,96,269
Tejas 3,33,160,297
Tejas 3,34,128,276
Tejas 3,35,64,279
Tejas 3,36,32,280
Tejas 3,37,224,232
Tejas 3,38,192,244
Tejas 3,39,224,247
Tejas 3,40,224,227
Tejas 4,1,255,250
Tejas 4,2,160,263
Tejas 4,3,224,286
Tejas 4,4,32,289
Tejas 4,5,192,262
Tejas 4,6,32,291
Tejas 4,7,160,405
Tejas 4,8,192,251
Tejas 4,9,224,272
Tejas 4,10,192,272
Tejas 4,11,96,278
Tejas 4,12,96,270
Tejas 4,13,224,525
Tejas 4,14,128,340
Tejas 4,15,32,436
Tejas 4,16,192,268
Tejas 4,17,96,490
Tejas 4,18,128,356
Tejas 4,19,64,302
Tejas 4,20,255,311
Tejas 4,21,224,302
Tejas 4,22,255,269
Tejas 4,23,160,265
Tejas 4,24,64,276
Tejas 4,25,64,272
Tejas 4,26,64,292
Tejas 4,27,128,234
Tejas 4,28,192,274
Tejas 4,29,255,278
Tejas 4,30,96,279
Tejas 4,31,224,250
Tejas 4,32,96,452
Tejas 4,33,255,276
Tejas 4,34,32,362
Tejas 4,35,160,280
Tejas 4,36,128,577
Tejas 4,37,128,306
Tejas 4,38,160,267
Tejas 4,39,32,279
Tejas 4,40,64,267
Tejas 5,1,224,506
Tejas 5,2,128,301
Tejas 5,3,255,287
Tejas 5,4,128,279
Tejas 5,5,160,579
Tejas 5,6,224,293
Tejas 5,7,32,355
Tejas 5,8,192,309
Tejas 5,9,64,368
Tejas 5,10,192,330
Tejas 5,11,64,308
Tejas 5,12,64,294
Tejas 5,13,32,284
Tejas 5,14,32,288
Tejas 5,15,224,300
Tejas 5,16,255,325
Tejas 5,17,160,303
Tejas 5,18,192,346
Tejas 5,19,160,436
Tejas 5,20,96,398
Tejas 5,21,96,313
Tejas 5,22,96,360
Tejas 5,23,32,455
Tejas 5,24,255,410
Tejas 5,25,128,391
Tejas 5,26,160,348
Tejas 5,27,192,349
Tejas 5,28,255,326
Tejas 5,29,64,562
Tejas 5,30,224,306
Tejas 5,31,32,345
Tejas 5,32,224,378
Tejas 5,33,255,287
Tejas 5,34,128,321
Tejas 5,35,192,313
Tejas 5,36,160,369
Tejas 5,37,96,309
Tejas 5,38,96,298
Tejas 5,39,128,342
Tejas 5,40,64,281
Tejas 6,1,32,278
Tejas 6,2,64,416
Tejas 6,3,128,258
Tejas 6,4,96,247
Tejas 6,5,192,268
Tejas 6,6,224,264
Tejas 6,7,160,431
Tejas 6,8,96,450
Tejas 6,9,255,279
Tejas 6,10,32,269
Tejas 6,11,224,267
Tejas 6,12,96,424
Tejas 6,13,64,388
Tejas 6,14,128,383
Tejas 6,15,32,357
Tejas 6,16,128,274
Tejas 6,17,160,301
Tejas 6,18,128,280
Tejas 6,19,255,260
Tejas 6,20,192,278
Tejas 6,21,160,259
Tejas 6,22,224,256
Tejas 6,23,160,289
Tejas 6,24,255,232
Tejas 6,25,224,221
Tejas 6,26,255,226
Tejas 6,27,192,213
Tejas 6,28,96,289
Tejas 6,29,32,323
Tejas 6,30,128,249
Tejas 6,31,64,344
Tejas 6,32,96,275
Tejas 6,33,160,227
Tejas 6,34,64,268
Tejas 6,35,64,265
Tejas 6,36,224,253
Tejas 6,37,192,294
Tejas 6,38,32,270
Tejas 6,39,255,261
Tejas 6,40,192,235
Tejas 7,1,64,321
Tejas 7,2,224,266
Tejas 7,3,128,407
Tejas 7,4,160,315
Tejas 7,5,96,363
Tejas 7,6,32,379
Tejas 7,7,96,280
Tejas 7,8,255,297
Tejas 7,9,224,371
Tejas 7,10,96,306
Tejas 7,11,192,279
Tejas 7,12,255,314
Tejas 7,13,224,466
Tejas 7,14,192,300
Tejas 7,15,64,320
Tejas 7,16,255,249
Tejas 7,17,128,301
Tejas 7,18,64,55
Tejas 7,19,32,354
Tejas 7,20,96,391
Tejas 7,21,192,299
Tejas 7,22,128,301
Tejas 7,23,32,336
Tejas 7,24,192,304
Tejas 7,25,32,793
Tejas 7,26,128,362
Tejas 7,27,128,405
Tejas 7,28,224,957
Tejas 7,29,96,299
Tejas 7,30,192,345
Tejas 7,31,160,450
Tejas 7,32,64,332
Tejas 7,33,255,324
Tejas 7,34,255,338
Tejas 7,35,32,493
Tejas 7,36,64,260
Tejas 7,37,160,352
Tejas 7,38,160,271
Tejas 7,39,224,299
Tejas 7,40,160,318